path,size_bytes,separator,status,rows,error
SCADA/2019_02/Export_2019-02-01 02-05-12.038_[2019-01-31 00-00-00.000]_[2019-02-01 00-00-00.000].csv,71037052,;,processed,1831568,
SCADA/2019_02/Export_2019-02-02 02-05-12.403_[2019-02-01 00-00-00.000]_[2019-02-02 00-00-00.000].csv,57470271,;,processed,1475731,
SCADA/2019_02/Export_2019-02-03 02-05-12.722_[2019-02-02 00-00-00.000]_[2019-02-03 00-00-00.000].csv,788537,;,processed,20264,
SCADA/2019_02/Export_2019-02-04 02-05-13.118_[2019-02-03 00-00-00.000]_[2019-02-04 00-00-00.000].csv,197248,;,processed,5063,
SCADA/2019_02/Export_2019-02-05 02-05-13.514_[2019-02-04 00-00-00.000]_[2019-02-05 00-00-00.000].csv,62980129,;,processed,1618611,
SCADA/2019_02/Export_2019-02-06 02-05-13.958_[2019-02-05 00-00-00.000]_[2019-02-06 00-00-00.000].csv,60759133,;,processed,1562770,
SCADA/2019_02/Export_2019-02-07 02-05-14.385_[2019-02-06 00-00-00.000]_[2019-02-07 00-00-00.000].csv,63556024,;,processed,1633447,
SCADA/2019_02/Export_2019-02-08 02-05-14.797_[2019-02-07 00-00-00.000]_[2019-02-08 00-00-00.000].csv,56241343,;,processed,1444166,
SCADA/2019_02/Export_2019-02-09 02-05-15.272_[2019-02-08 00-00-00.000]_[2019-02-09 00-00-00.000].csv,49782987,;,processed,1278091,
SCADA/2019_02/Export_2019-02-10 02-05-15.653_[2019-02-09 00-00-00.000]_[2019-02-10 00-00-00.000].csv,320875,;,processed,8222,
SCADA/2019_02/Export_2019-02-11 02-05-16.174_[2019-02-10 00-00-00.000]_[2019-02-11 00-00-00.000].csv,25,;,header_only,0,
SCADA/2019_02/Export_2019-02-12 02-05-16.680_[2019-02-11 00-00-00.000]_[2019-02-12 00-00-00.000].csv,59447133,;,processed,1529959,
SCADA/2019_02/Export_2019-02-13 02-05-17.123_[2019-02-12 00-00-00.000]_[2019-02-13 00-00-00.000].csv,54989370,;,processed,1411423,
SCADA/2019_02/Export_2019-02-14 02-05-17.519_[2019-02-13 00-00-00.000]_[2019-02-14 00-00-00.000].csv,60110337,;,processed,1545139,
SCADA/2019_02/Export_2019-02-15 02-05-17.963_[2019-02-14 00-00-00.000]_[2019-02-15 00-00-00.000].csv,63296433,;,processed,1629453,
SCADA/2019_02/Export_2019-02-16 02-05-18.375_[2019-02-15 00-00-00.000]_[2019-02-16 00-00-00.000].csv,63997139,;,processed,1646311,
SCADA/2019_02/Export_2019-02-17 02-05-18.771_[2019-02-16 00-00-00.000]_[2019-02-17 00-00-00.000].csv,2583546,;,processed,66664,
SCADA/2019_02/Export_2019-02-18 02-05-19.183_[2019-02-17 00-00-00.000]_[2019-02-18 00-00-00.000].csv,25,;,header_only,0,
SCADA/2019_02/Export_2019-02-19 02-05-19.720_[2019-02-18 00-00-00.000]_[2019-02-19 00-00-00.000].csv,62209231,;,processed,1600617,
SCADA/2019_02/Export_2019-02-20 02-05-20.195_[2019-02-19 00-00-00.000]_[2019-02-20 00-00-00.000].csv,66684287,;,processed,1716284,
SCADA/2019_02/Export_2019-02-21 02-05-20.560_[2019-02-20 00-00-00.000]_[2019-02-21 00-00-00.000].csv,66717242,;,processed,1716488,
SCADA/2019_02/Export_2019-02-22 02-05-21.034_[2019-02-21 00-00-00.000]_[2019-02-22 00-00-00.000].csv,66635471,;,processed,1716553,
SCADA/2019_02/Export_2019-02-23 02-05-21.415_[2019-02-22 00-00-00.000]_[2019-02-23 00-00-00.000].csv,41105393,;,processed,1052879,
SCADA/2019_02/Export_2019-02-24 02-05-21.780_[2019-02-23 00-00-00.000]_[2019-02-24 00-00-00.000].csv,287010,;,processed,7342,
SCADA/2019_02/Export_2019-02-25 02-05-22.099_[2019-02-24 00-00-00.000]_[2019-02-25 00-00-00.000].csv,25,;,header_only,0,
SCADA/2019_02/Export_2019-02-26 02-05-22.417_[2019-02-25 00-00-00.000]_[2019-02-26 00-00-00.000].csv,47847114,;,processed,1228082,
SCADA/2019_02/Export_2019-02-27 02-05-22.860_[2019-02-26 00-00-00.000]_[2019-02-27 00-00-00.000].csv,54300287,;,processed,1397077,
SCADA/2019_02/Export_2019-02-28 02-05-23.285_[2019-02-27 00-00-00.000]_[2019-02-28 00-00-00.000].csv,62081534,;,processed,1598924,
SCADA/2019_03/Export_2019-03-01 02-05-23.773_[2019-02-28 00-00-00.000]_[2019-03-01 00-00-00.000].csv,78415803,;,processed,2022375,
SCADA/2019_03/Export_2019-03-02 02-05-24.232_[2019-03-01 00-00-00.000]_[2019-03-02 00-00-00.000].csv,64007104,;,processed,1648375,
SCADA/2019_03/Export_2019-03-03 02-05-24.675_[2019-03-02 00-00-00.000]_[2019-03-03 00-00-00.000].csv,32197996,;,processed,835303,
SCADA/2019_03/Export_2019-03-04 02-05-25.118_[2019-03-03 00-00-00.000]_[2019-03-04 00-00-00.000].csv,2271483,;,processed,58523,
SCADA/2019_03/Export_2019-03-05 02-05-25.608_[2019-03-04 00-00-00.000]_[2019-03-05 00-00-00.000].csv,64311814,;,processed,1654863,
SCADA/2019_03/Export_2019-03-06 02-04-25.549_[2019-03-05 00-00-00.000]_[2019-03-06 00-00-00.000].csv,64796904,;,processed,1666590,
SCADA/2019_03/Export_2019-03-07 02-04-25.946_[2019-03-06 00-00-00.000]_[2019-03-07 00-00-00.000].csv,71254213,;,processed,1835051,
SCADA/2019_03/Export_2019-03-08 02-04-26.389_[2019-03-07 00-00-00.000]_[2019-03-08 00-00-00.000].csv,66621417,;,processed,1717553,
SCADA/2019_03/Export_2019-03-09 02-04-26.817_[2019-03-08 00-00-00.000]_[2019-03-09 00-00-00.000].csv,66338620,;,processed,1707120,
SCADA/2019_03/Export_2019-03-10 02-04-27.229_[2019-03-09 00-00-00.000]_[2019-03-10 00-00-00.000].csv,22323437,;,processed,576876,
SCADA/2019_03/Export_2019-03-11 02-04-27.719_[2019-03-10 00-00-00.000]_[2019-03-11 00-00-00.000].csv,25,;,header_only,0,
SCADA/2019_03/Export_2019-03-13 02-04-28.637_[2019-03-12 00-00-00.000]_[2019-03-13 00-00-00.000].csv,94101408,;,processed,2433043,
SCADA/2019_03/Export_2019-03-14 02-04-29.158_[2019-03-13 00-00-00.000]_[2019-03-14 00-00-00.000].csv,61571586,;,processed,1585011,
SCADA/2019_03/Export_2019-03-15 02-04-29.586_[2019-03-14 00-00-00.000]_[2019-03-15 00-00-00.000].csv,68832725,;,processed,1771001,
SCADA/2019_03/Export_2019-03-15 18-08-39.956_[2019-03-14 00-00-00.000]_[2019-03-15 00-00-00.000].csv,68832725,;,processed,1771001,
SCADA/2019_03/Export_2019-03-16 02-08-40.083_[2019-03-15 00-00-00.000]_[2019-03-16 00-00-00.000].csv,66513572,;,processed,1709630,
SCADA/2019_03/Export_2019-03-17 02-08-41.058_[2019-03-16 00-00-00.000]_[2019-03-17 00-00-00.000].csv,2270554,;,processed,58269,
SCADA/2019_03/Export_2019-03-18 02-08-42.267_[2019-03-17 00-00-00.000]_[2019-03-18 00-00-00.000].csv,25,;,header_only,0,
SCADA/2019_03/Export_2019-03-19 02-08-43.226_[2019-03-18 00-00-00.000]_[2019-03-19 00-00-00.000].csv,67343430,;,processed,1732349,
SCADA/2019_03/Export_2019-03-20 02-08-44.061_[2019-03-19 00-00-00.000]_[2019-03-20 00-00-00.000].csv,55146326,;,processed,1417426,
SCADA/2019_03/Export_2019-03-21 02-08-45.192_[2019-03-20 00-00-00.000]_[2019-03-21 00-00-00.000].csv,54311938,;,processed,1394846,
SCADA/2019_03/Export_2019-03-22 02-08-46.010_[2019-03-21 00-00-00.000]_[2019-03-22 00-00-00.000].csv,54128244,;,processed,1391079,
SCADA/2019_03/Export_2019-03-23 02-08-46.859_[2019-03-22 00-00-00.000]_[2019-03-23 00-00-00.000].csv,53689920,;,processed,1379736,
SCADA/2019_03/Export_2019-03-24 02-08-47.819_[2019-03-23 00-00-00.000]_[2019-03-24 00-00-00.000].csv,718292,;,processed,18513,
SCADA/2019_03/Export_2019-03-25 02-08-48.778_[2019-03-24 00-00-00.000]_[2019-03-25 00-00-00.000].csv,1047092,;,processed,26878,
SCADA/2019_03/Export_2019-03-26 02-08-49.690_[2019-03-25 00-00-00.000]_[2019-03-26 00-00-00.000].csv,59642990,;,processed,1542594,
SCADA/2019_03/Export_2019-03-27 02-08-50.774_[2019-03-26 00-00-00.000]_[2019-03-27 00-00-00.000].csv,71520116,;,processed,1846760,
SCADA/2019_03/Export_2019-03-28 02-08-51.843_[2019-03-27 00-00-00.000]_[2019-03-28 00-00-00.000].csv,64393154,;,processed,1657448,
SCADA/2019_03/Export_2019-03-29 02-08-52.880_[2019-03-28 00-00-00.000]_[2019-03-29 00-00-00.000].csv,59143637,;,processed,1520729,
SCADA/2019_03/Export_2019-03-30 02-08-53.933_[2019-03-29 00-00-00.000]_[2019-03-30 00-00-00.000].csv,59273183,;,processed,1522532,
SCADA/2019_03/Export_2019-03-31 03-08-55.080_[2019-03-30 00-00-00.000]_[2019-03-31 00-00-00.000].csv,20768288,;,processed,534230,
SCADA/2019_03/Export_2019-04-01 02-08-56.240_[2019-03-31 00-00-00.000]_[2019-04-01 00-00-00.000].csv,25,;,header_only,0,
SCADA/2019_04/Export_2019-04-02 02-08-57.387_[2019-04-01 00-00-00.000]_[2019-04-02 00-00-00.000].csv,55426108,;,processed,1424536,
SCADA/2019_04/Export_2019-04-03 02-08-58.471_[2019-04-02 00-00-00.000]_[2019-04-03 00-00-00.000].csv,53871800,;,processed,1383327,
SCADA/2019_04/Export_2019-04-04 02-08-59.555_[2019-04-03 00-00-00.000]_[2019-04-04 00-00-00.000].csv,55491007,;,processed,1425014,
SCADA/2019_04/Export_2019-04-05 02-09-00.952_[2019-04-04 00-00-00.000]_[2019-04-05 00-00-00.000].csv,53018187,;,processed,1367453,
SCADA/2019_04/Export_2019-04-06 02-09-02.130_[2019-04-05 00-00-00.000]_[2019-04-06 00-00-00.000].csv,67729263,;,processed,1747311,
SCADA/2019_04/Export_2019-04-07 02-09-03.167_[2019-04-06 00-00-00.000]_[2019-04-07 00-00-00.000].csv,21423198,;,processed,550938,
SCADA/2019_04/Export_2019-04-08 02-09-04.189_[2019-04-07 00-00-00.000]_[2019-04-08 00-00-00.000].csv,25,;,header_only,0,
SCADA/2019_04/Export_2019-04-09 02-09-05.351_[2019-04-08 00-00-00.000]_[2019-04-09 00-00-00.000].csv,53198236,;,processed,1366945,
SCADA/2019_04/Export_2019-04-10 02-09-06.326_[2019-04-09 00-00-00.000]_[2019-04-10 00-00-00.000].csv,51628035,;,processed,1326368,
SCADA/2019_04/Export_2019-04-11 02-09-07.535_[2019-04-10 00-00-00.000]_[2019-04-11 00-00-00.000].csv,52855124,;,processed,1358344,
SCADA/2019_04/Export_2019-04-12 02-09-08.697_[2019-04-11 00-00-00.000]_[2019-04-12 00-00-00.000].csv,51607122,;,processed,1327559,
SCADA/2019_04/Export_2019-04-13 02-09-09.610_[2019-04-12 00-00-00.000]_[2019-04-13 00-00-00.000].csv,50554506,;,processed,1298538,
SCADA/2019_04/Export_2019-04-14 02-09-10.663_[2019-04-13 00-00-00.000]_[2019-04-14 00-00-00.000].csv,1040148,;,processed,26722,
SCADA/2019_04/Export_2019-04-15 02-09-11.794_[2019-04-14 00-00-00.000]_[2019-04-15 00-00-00.000].csv,25,;,header_only,0,
SCADA/2019_04/Export_2019-04-16 02-09-12.831_[2019-04-15 00-00-00.000]_[2019-04-16 00-00-00.000].csv,52550738,;,processed,1350418,
SCADA/2019_04/Export_2019-04-17 02-09-14.009_[2019-04-16 00-00-00.000]_[2019-04-17 00-00-00.000].csv,50816342,;,processed,1306064,
SCADA/2019_04/Export_2019-04-18 02-09-15.156_[2019-04-17 00-00-00.000]_[2019-04-18 00-00-00.000].csv,57817983,;,processed,1488472,
SCADA/2019_04/Export_2019-04-19 02-09-16.256_[2019-04-18 00-00-00.000]_[2019-04-19 00-00-00.000].csv,51240566,;,processed,1316483,
SCADA/2019_04/Export_2019-04-20 02-09-17.387_[2019-04-19 00-00-00.000]_[2019-04-20 00-00-00.000].csv,52458635,;,processed,1347859,
SCADA/2019_04/Export_2019-04-21 02-09-18.486_[2019-04-20 00-00-00.000]_[2019-04-21 00-00-00.000].csv,747278,;,processed,19300,
SCADA/2019_04/Export_2019-04-22 02-09-19.524_[2019-04-21 00-00-00.000]_[2019-04-22 00-00-00.000].csv,25,;,header_only,0,
SCADA/2019_04/Export_2019-04-23 02-09-20.561_[2019-04-22 00-00-00.000]_[2019-04-23 00-00-00.000].csv,25,;,header_only,0,
SCADA/2019_04/Export_2019-04-24 02-09-21.739_[2019-04-23 00-00-00.000]_[2019-04-24 00-00-00.000].csv,61522615,;,processed,1585626,
SCADA/2019_04/Export_2019-04-25 02-09-22.761_[2019-04-24 00-00-00.000]_[2019-04-25 00-00-00.000].csv,66116443,;,processed,1705159,
SCADA/2019_04/Export_2019-04-26 02-09-23.751_[2019-04-25 00-00-00.000]_[2019-04-26 00-00-00.000].csv,25,;,header_only,0,
SCADA/2019_04/Export_2019-04-27 02-09-24.695_[2019-04-26 00-00-00.000]_[2019-04-27 00-00-00.000].csv,52223618,;,processed,1342566,
SCADA/2019_04/Export_2019-04-28 02-09-25.701_[2019-04-27 00-00-00.000]_[2019-04-28 00-00-00.000].csv,727391,;,processed,18751,
SCADA/2019_04/Export_2019-04-29 02-09-26.566_[2019-04-28 00-00-00.000]_[2019-04-29 00-00-00.000].csv,25,;,header_only,0,
SCADA/2019_04/Export_2019-04-30 02-09-27.572_[2019-04-29 00-00-00.000]_[2019-04-30 00-00-00.000].csv,49877571,;,processed,1283679,
SCADA/2019_05/Export_2019-05-01 02-09-28.469_[2019-04-30 00-00-00.000]_[2019-05-01 00-00-00.000].csv,51661151,;,processed,1329146,
SCADA/2019_05/Export_2019-05-02 02-09-29.663_[2019-05-01 00-00-00.000]_[2019-05-02 00-00-00.000].csv,1184398,;,processed,30387,
SCADA/2019_05/Export_2019-05-03 02-09-30.981_[2019-05-02 00-00-00.000]_[2019-05-03 00-00-00.000].csv,55997448,;,processed,1438538,
SCADA/2019_05/Export_2019-05-04 02-09-32.050_[2019-05-03 00-00-00.000]_[2019-05-04 00-00-00.000].csv,56644248,;,processed,1457976,
SCADA/2019_05/Export_2019-05-05 02-09-33.056_[2019-05-04 00-00-00.000]_[2019-05-05 00-00-00.000].csv,13620900,;,processed,350029,
SCADA/2019_05/Export_2019-05-06 02-09-34.015_[2019-05-05 00-00-00.000]_[2019-05-06 00-00-00.000].csv,25,;,header_only,0,
SCADA/2019_05/Export_2019-05-07 02-09-35.037_[2019-05-06 00-00-00.000]_[2019-05-07 00-00-00.000].csv,61120626,;,processed,1574759,
SCADA/2019_05/Export_2019-05-08 02-09-36.058_[2019-05-07 00-00-00.000]_[2019-05-08 00-00-00.000].csv,54315156,;,processed,1396858,
SCADA/2019_05/Export_2019-05-09 02-09-37.299_[2019-05-08 00-00-00.000]_[2019-05-09 00-00-00.000].csv,53330513,;,processed,1371073,
SCADA/2019_05/Export_2019-05-10 02-09-38.430_[2019-05-09 00-00-00.000]_[2019-05-10 00-00-00.000].csv,52906728,;,processed,1359364,
SCADA/2019_05/Export_2019-05-11 02-09-39.483_[2019-05-10 00-00-00.000]_[2019-05-11 00-00-00.000].csv,51999562,;,processed,1336753,
SCADA/2019_05/Export_2019-05-12 02-09-40.489_[2019-05-11 00-00-00.000]_[2019-05-12 00-00-00.000].csv,30345713,;,processed,780275,
SCADA/2019_05/Export_2019-05-13 02-09-41.729_[2019-05-12 00-00-00.000]_[2019-05-13 00-00-00.000].csv,25,;,header_only,0,
SCADA/2019_05/Export_2019-05-14 02-09-42.970_[2019-05-13 00-00-00.000]_[2019-05-14 00-00-00.000].csv,54635352,;,processed,1404468,
SCADA/2019_05/Export_2019-05-15 02-09-44.179_[2019-05-14 00-00-00.000]_[2019-05-15 00-00-00.000].csv,51936645,;,processed,1334193,
SCADA/2019_05/Export_2019-05-16 02-09-45.279_[2019-05-15 00-00-00.000]_[2019-05-16 00-00-00.000].csv,53364881,;,processed,1373747,
SCADA/2019_05/Export_2019-05-17 02-09-46.363_[2019-05-16 00-00-00.000]_[2019-05-17 00-00-00.000].csv,55237279,;,processed,1419392,
SCADA/2019_05/Export_2019-05-18 02-09-47.463_[2019-05-17 00-00-00.000]_[2019-05-18 00-00-00.000].csv,52223629,;,processed,1341487,
SCADA/2019_05/Export_2019-05-19 02-09-48.563_[2019-05-18 00-00-00.000]_[2019-05-19 00-00-00.000].csv,25758401,;,processed,661532,
SCADA/2019_05/Export_2019-05-20 02-09-49.741_[2019-05-19 00-00-00.000]_[2019-05-20 00-00-00.000].csv,25,;,header_only,0,
SCADA/2019_05/Export_2019-05-21 02-09-50.874_[2019-05-20 00-00-00.000]_[2019-05-21 00-00-00.000].csv,60671471,;,processed,1563038,
SCADA/2019_05/Export_2019-05-22 02-09-51.849_[2019-05-21 00-00-00.000]_[2019-05-22 00-00-00.000].csv,63257198,;,processed,1632629,
SCADA/2019_05/Export_2019-05-23 02-09-52.964_[2019-05-22 00-00-00.000]_[2019-05-23 00-00-00.000].csv,51226043,;,processed,1316077,
SCADA/2019_05/Export_2019-05-24 02-09-54.080_[2019-05-23 00-00-00.000]_[2019-05-24 00-00-00.000].csv,52005076,;,processed,1336447,
SCADA/2019_05/Export_2019-05-25 02-09-55.492_[2019-05-24 00-00-00.000]_[2019-05-25 00-00-00.000].csv,51114934,;,processed,1314125,
SCADA/2019_05/Export_2019-05-26 02-09-56.311_[2019-05-25 00-00-00.000]_[2019-05-26 00-00-00.000].csv,25293009,;,processed,651796,
SCADA/2019_05/Export_2019-05-27 02-09-57.379_[2019-05-26 00-00-00.000]_[2019-05-27 00-00-00.000].csv,25,;,header_only,0,
SCADA/2019_05/Export_2019-05-28 02-09-58.323_[2019-05-27 00-00-00.000]_[2019-05-28 00-00-00.000].csv,53522561,;,processed,1375518,
SCADA/2019_05/Export_2019-05-29 02-09-59.501_[2019-05-28 00-00-00.000]_[2019-05-29 00-00-00.000].csv,52153228,;,processed,1340507,
SCADA/2019_05/Export_2019-05-30 02-00-00.589_[2019-05-29 00-00-00.000]_[2019-05-30 00-00-00.000].csv,55745374,;,processed,1433690,
SCADA/2019_05/Export_2019-05-31 02-00-01.798_[2019-05-30 00-00-00.000]_[2019-05-31 00-00-00.000].csv,50109457,;,processed,1287323,
SCADA/2019_06/Export_2019-06-01 02-00-02.836_[2019-05-31 00-00-00.000]_[2019-06-01 00-00-00.000].csv,56395181,;,processed,1449882,
SCADA/2019_06/Export_2019-06-02 02-00-03.842_[2019-06-01 00-00-00.000]_[2019-06-02 00-00-00.000].csv,26860322,;,processed,689789,
SCADA/2019_06/Export_2019-06-03 02-00-04.723_[2019-06-02 00-00-00.000]_[2019-06-03 00-00-00.000].csv,25,;,header_only,0,
SCADA/2019_06/Export_2019-06-04 02-00-05.776_[2019-06-03 00-00-00.000]_[2019-06-04 00-00-00.000].csv,46184024,;,processed,1187322,
SCADA/2019_06/Export_2019-06-05 02-00-06.844_[2019-06-04 00-00-00.000]_[2019-06-05 00-00-00.000].csv,57134751,;,processed,1470898,
SCADA/2019_06/Export_2019-06-06 02-00-07.913_[2019-06-05 00-00-00.000]_[2019-06-06 00-00-00.000].csv,55136772,;,processed,1419099,
SCADA/2019_06/Export_2019-06-07 02-00-08.903_[2019-06-06 00-00-00.000]_[2019-06-07 00-00-00.000].csv,56304299,;,processed,1452343,
SCADA/2019_06/Export_2019-06-08 02-00-10.066_[2019-06-07 00-00-00.000]_[2019-06-08 00-00-00.000].csv,63731233,;,processed,1644401,
SCADA/2019_06/Export_2019-06-09 02-00-10.978_[2019-06-08 00-00-00.000]_[2019-06-09 00-00-00.000].csv,31236211,;,processed,805765,
SCADA/2019_06/Export_2019-06-10 02-00-12.125_[2019-06-09 00-00-00.000]_[2019-06-10 00-00-00.000].csv,25,;,header_only,0,
SCADA/2019_06/Export_2019-06-11 02-00-13.146_[2019-06-10 00-00-00.000]_[2019-06-11 00-00-00.000].csv,54923348,;,processed,1415196,
SCADA/2019_06/Export_2019-06-12 02-00-14.309_[2019-06-11 00-00-00.000]_[2019-06-12 00-00-00.000].csv,54384342,;,processed,1398927,
SCADA/2019_06/Export_2019-06-13 02-00-15.252_[2019-06-12 00-00-00.000]_[2019-06-13 00-00-00.000].csv,51745116,;,processed,1330371,
SCADA/2019_06/Export_2019-06-14 02-00-16.446_[2019-06-13 00-00-00.000]_[2019-06-14 00-00-00.000].csv,50495597,;,processed,1300031,
SCADA/2019_06/Export_2019-06-15 02-00-17.436_[2019-06-14 00-00-00.000]_[2019-06-15 00-00-00.000].csv,45703542,;,processed,1181606,
SCADA/2019_06/Export_2019-06-16 02-00-18.505_[2019-06-15 00-00-00.000]_[2019-06-16 00-00-00.000].csv,3888382,;,processed,101685,
SCADA/2019_06/Export_2019-06-17 02-00-19.511_[2019-06-16 00-00-00.000]_[2019-06-17 00-00-00.000].csv,25,;,header_only,0,
SCADA/2019_06/Export_2019-06-18 02-00-20.626_[2019-06-17 00-00-00.000]_[2019-06-18 00-00-00.000].csv,54277304,;,processed,1397352,
SCADA/2019_06/Export_2019-06-19 02-00-21.664_[2019-06-18 00-00-00.000]_[2019-06-19 00-00-00.000].csv,53946354,;,processed,1387303,
SCADA/2019_06/Export_2019-06-20 02-00-22.670_[2019-06-19 00-00-00.000]_[2019-06-20 00-00-00.000].csv,48806069,;,processed,1255886,
SCADA/2019_06/Export_2019-06-21 02-00-23.738_[2019-06-20 00-00-00.000]_[2019-06-21 00-00-00.000].csv,50559217,;,processed,1299946,
SCADA/2019_06/Export_2019-06-22 02-09-24.412_[2019-06-21 00-00-00.000]_[2019-06-22 00-00-00.000].csv,44237765,;,processed,1136096,
SCADA/2019_06/Export_2019-06-23 02-09-25.309_[2019-06-22 00-00-00.000]_[2019-06-23 00-00-00.000].csv,14858400,;,processed,381760,
SCADA/2019_06/Export_2019-06-24 02-09-26.206_[2019-06-23 00-00-00.000]_[2019-06-24 00-00-00.000].csv,372676,;,processed,9549,
SCADA/2019_06/Export_2019-06-25 02-09-27.165_[2019-06-24 00-00-00.000]_[2019-06-25 00-00-00.000].csv,40792663,;,processed,1046895,
SCADA/2019_06/Export_2019-06-26 02-09-28.234_[2019-06-25 00-00-00.000]_[2019-06-26 00-00-00.000].csv,37772964,;,processed,970019,
SCADA/2019_06/Export_2019-06-27 02-09-29.349_[2019-06-26 00-00-00.000]_[2019-06-27 00-00-00.000].csv,40699112,;,processed,1045621,
SCADA/2019_06/Export_2019-06-28 02-09-30.214_[2019-06-27 00-00-00.000]_[2019-06-28 00-00-00.000].csv,42466267,;,processed,1091099,
SCADA/2019_06/Export_2019-06-29 02-09-31.299_[2019-06-28 00-00-00.000]_[2019-06-29 00-00-00.000].csv,54077090,;,processed,1394320,
SCADA/2019_06/Export_2019-06-30 02-09-32.242_[2019-06-29 00-00-00.000]_[2019-06-30 00-00-00.000].csv,25113277,;,processed,648017,
SCADA/2019_07/Export_2019-07-02 02-09-34.582_[2019-07-01 00-00-00.000]_[2019-07-02 00-00-00.000].csv,36883028,;,processed,946488,
SCADA/2019_07/Export_2019-07-03 02-09-35.589_[2019-07-02 00-00-00.000]_[2019-07-03 00-00-00.000].csv,42022817,;,processed,1079027,
SCADA/2019_07/Export_2019-07-04 02-09-36.501_[2019-07-03 00-00-00.000]_[2019-07-04 00-00-00.000].csv,40482597,;,processed,1038545,
SCADA/2019_07/Export_2019-07-05 02-09-37.632_[2019-07-04 00-00-00.000]_[2019-07-05 00-00-00.000].csv,41684958,;,processed,1070196,
SCADA/2019_07/Export_2019-07-06 02-09-38.732_[2019-07-05 00-00-00.000]_[2019-07-06 00-00-00.000].csv,41527915,;,processed,1065677,
SCADA/2019_07/Export_2019-07-07 02-09-39.894_[2019-07-06 00-00-00.000]_[2019-07-07 00-00-00.000].csv,14750259,;,processed,378727,
SCADA/2019_07/Export_2019-07-08 02-09-40.853_[2019-07-07 00-00-00.000]_[2019-07-08 00-00-00.000].csv,25,;,header_only,0,
SCADA/2019_07/Export_2019-07-09 02-09-42.047_[2019-07-08 00-00-00.000]_[2019-07-09 00-00-00.000].csv,40535532,;,processed,1040766,
SCADA/2019_07/Export_2019-07-10 02-09-43.006_[2019-07-09 00-00-00.000]_[2019-07-10 00-00-00.000].csv,39341629,;,processed,1009141,
SCADA/2019_07/Export_2019-07-11 02-09-43.825_[2019-07-10 00-00-00.000]_[2019-07-11 00-00-00.000].csv,40144627,;,processed,1029870,
SCADA/2019_07/Export_2019-07-12 02-09-44.878_[2019-07-11 00-00-00.000]_[2019-07-12 00-00-00.000].csv,40464200,;,processed,1037759,
SCADA/2019_07/Export_2019-07-13 02-09-45.868_[2019-07-12 00-00-00.000]_[2019-07-13 00-00-00.000].csv,43005702,;,processed,1104763,
SCADA/2019_07/Export_2019-07-14 02-09-46.983_[2019-07-13 00-00-00.000]_[2019-07-14 00-00-00.000].csv,17519859,;,processed,450135,
SCADA/2019_07/Export_2019-07-15 02-09-47.974_[2019-07-14 00-00-00.000]_[2019-07-15 00-00-00.000].csv,25,;,header_only,0,
SCADA/2019_07/Export_2019-07-16 02-09-49.058_[2019-07-15 00-00-00.000]_[2019-07-16 00-00-00.000].csv,39912189,;,processed,1023774,
SCADA/2019_07/Export_2019-07-17 02-09-50.173_[2019-07-16 00-00-00.000]_[2019-07-17 00-00-00.000].csv,42224624,;,processed,1083923,
SCADA/2019_07/Export_2019-07-18 02-09-51.211_[2019-07-17 00-00-00.000]_[2019-07-18 00-00-00.000].csv,40911157,;,processed,1049950,
SCADA/2019_07/Export_2019-07-19 02-09-52.404_[2019-07-18 00-00-00.000]_[2019-07-19 00-00-00.000].csv,41028882,;,processed,1054679,
SCADA/2019_07/Export_2019-07-20 02-09-53.520_[2019-07-19 00-00-00.000]_[2019-07-20 00-00-00.000].csv,40499998,;,processed,1039975,
SCADA/2019_07/Export_2019-07-21 02-09-54.479_[2019-07-20 00-00-00.000]_[2019-07-21 00-00-00.000].csv,16066422,;,processed,412531,
SCADA/2019_07/Export_2019-07-22 02-09-55.329_[2019-07-21 00-00-00.000]_[2019-07-22 00-00-00.000].csv,25,;,header_only,0,
SCADA/2019_07/Export_2019-07-23 02-09-56.366_[2019-07-22 00-00-00.000]_[2019-07-23 00-00-00.000].csv,33564492,;,processed,860762,
SCADA/2019_07/Export_2019-07-24 02-09-57.560_[2019-07-23 00-00-00.000]_[2019-07-24 00-00-00.000].csv,43244511,;,processed,1110084,
SCADA/2019_07/Export_2019-07-25 02-09-58.706_[2019-07-24 00-00-00.000]_[2019-07-25 00-00-00.000].csv,38217358,;,processed,979860,
SCADA/2019_07/Export_2019-07-26 02-09-59.728_[2019-07-25 00-00-00.000]_[2019-07-26 00-00-00.000].csv,39958461,;,processed,1025132,
SCADA/2019_07/Export_2019-07-27 02-00-00.812_[2019-07-26 00-00-00.000]_[2019-07-27 00-00-00.000].csv,42215268,;,processed,1083756,
SCADA/2019_07/Export_2019-07-28 02-00-01.849_[2019-07-27 00-00-00.000]_[2019-07-28 00-00-00.000].csv,14811589,;,processed,380308,
SCADA/2019_07/Export_2019-07-29 02-00-02.824_[2019-07-28 00-00-00.000]_[2019-07-29 00-00-00.000].csv,25,;,header_only,0,
SCADA/2019_07/Export_2019-07-30 02-00-03.924_[2019-07-29 00-00-00.000]_[2019-07-30 00-00-00.000].csv,39326351,;,processed,1008484,
SCADA/2019_07/Export_2019-07-31 02-00-04.836_[2019-07-30 00-00-00.000]_[2019-07-31 00-00-00.000].csv,40312435,;,processed,1033992,
