sensor_id,window_start,sample_count,mean,std,min_value,max_value,rms,peak_to_peak,slope,sigma_anomaly,sigma_detected_features,isolation_decision,risk_score,status
109,2019-06-27 06:26:00,92,330.67659782608695,444.65017471034037,48.86,3613.146,554.130661685285,3564.286,0.714461697345316,True,"[""std"", ""min_value"", ""max_value"", ""rms"", ""peak_to_peak""]",-0.22746899694639067,100.0,WARNING
109,2019-07-03 07:53:00,33,358.0795757575757,357.87724071386754,63.517,1903.07,506.2579401803956,1839.5529999999999,-28.16488373307089,True,"[""min_value"", ""slope""]",-0.22961458730399853,100.0,WARNING
109,2019-07-16 10:28:00,91,304.67262637362626,361.7034858485653,56.189,2577.329,472.92158011282015,2521.1400000000003,-1.6859583734303132,True,"[""min_value"", ""max_value"", ""peak_to_peak""]",-0.23242610772051797,100.0,WARNING
109,2019-07-19 14:09:00,91,291.94763736263735,408.35520142738795,29.315,2584.657,501.9834593833034,2555.342,7.643051452896292,True,"[""std"", ""max_value"", ""peak_to_peak"", ""slope""]",-0.22681777348851595,100.0,WARNING
109,2019-07-19 14:16:00,92,321.1437717391304,416.7186666494685,36.644,2545.57,526.1062338168458,2508.9260000000004,-9.167233785514709,True,"[""std"", ""max_value"", ""peak_to_peak"", ""slope""]",-0.22694186021371798,100.0,WARNING
109,2019-06-27 08:28:00,55,250.24843636363633,366.2006834626343,34.202,2675.047,443.5394238068872,2640.8450000000003,8.147297319874998,True,"[""max_value"", ""peak_to_peak"", ""slope""]",-0.2186582193070572,99.9961907664178,WARNING
109,2019-07-02 18:40:00,90,296.7388777777779,326.04408509892676,36.645,2714.134,440.86132401562634,2677.489,-3.541805357725632,True,"[""max_value"", ""peak_to_peak""]",-0.2155517541647184,99.9961907664178,WARNING
109,2019-07-04 05:37:00,88,285.1606363636363,440.6138171782009,24.43,3610.703,524.8400941426437,3586.273,4.024532817625159,True,"[""std"", ""max_value"", ""peak_to_peak""]",-0.21567401389598617,99.9961907664178,WARNING
109,2019-07-16 10:57:00,92,261.5034456521739,353.56602575087555,29.315,2980.417,439.76469464160976,2951.102,6.1880798270185515,True,"[""max_value"", ""peak_to_peak"", ""slope""]",-0.2163361519324981,99.9961907664178,WARNING
109,2019-07-19 13:55:00,91,302.176021978022,410.8117029306088,31.758,2753.222,509.9770617618098,2721.4640000000004,5.243750866106024,True,"[""std"", ""max_value"", ""peak_to_peak""]",-0.2221795291302716,99.9961907664178,WARNING
109,2019-07-19 14:13:00,92,327.0652391304349,438.26282566577726,34.201,2540.684,546.8509623361742,2506.483,-4.740107801063561,True,"[""std"", ""max_value"", ""peak_to_peak""]",-0.21645521040614468,99.9961907664178,WARNING
109,2019-07-19 12:44:00,90,264.7359777777777,336.5696438068774,48.859,2403.878,428.2105359075655,2355.0190000000002,-5.168473618408574,True,"[""min_value"", ""max_value"", ""peak_to_peak""]",-0.2145269597297167,99.9923815328356,WARNING
109,2019-07-22 20:15:00,90,290.65853333333325,347.99728087495174,29.315,2846.054,453.4142592550928,2816.739,-3.7660265552644403,True,"[""max_value"", ""peak_to_peak""]",-0.21524900226253108,99.9923815328356,WARNING
109,2019-06-25 20:22:00,37,313.4259189189189,285.19048044633195,78.175,1492.652,423.756317696124,1414.477,8.898161642772,True,"[""min_value"", ""slope""]",-0.21293740021942698,99.98095383208899,WARNING
109,2019-06-26 17:21:00,89,301.71989887640456,408.3504127666551,29.315,3559.4,507.7252770787421,3530.085,-3.0206742243225544,True,"[""std"", ""max_value"", ""peak_to_peak""]",-0.21360930127893984,99.98095383208899,WARNING
109,2019-06-27 14:43:00,90,204.85613333333336,399.33445459409086,29.315,3737.737,448.8140394308587,3708.422,6.391465187049867,True,"[""std"", ""max_value"", ""peak_to_peak"", ""slope""]",-0.21261549059179452,99.98095383208899,WARNING
109,2019-06-28 11:20:00,92,243.79198913043476,328.25769925681914,31.758,2643.288,408.88586559766816,2611.53,6.410974873524076,True,"[""max_value"", ""peak_to_peak"", ""slope""]",-0.21231740901279916,99.98095383208899,WARNING
109,2019-07-10 07:51:00,92,280.78159782608697,348.40573713522633,34.201,2582.214,447.464929739204,2548.013,4.479716580988146,True,"[""max_value"", ""peak_to_peak""]",-0.2106223287844995,99.98095383208899,WARNING
109,2019-07-12 16:24:00,92,290.1818260869565,344.4637413530918,29.316,2721.463,450.40066751519197,2692.1470000000004,-3.093541598198937,True,"[""max_value"", ""peak_to_peak""]",-0.20987914811646136,99.97333536492458,WARNING
109,2019-07-16 13:46:00,89,256.1270112359551,351.8431992753672,26.872,2574.885,435.1949939521234,2548.0130000000004,6.594884274630207,True,"[""max_value"", ""peak_to_peak"", ""slope""]",-0.20995798680837308,99.97333536492458,WARNING
109,2019-07-17 12:32:00,91,327.81365934065934,454.25039427778296,24.43,2621.302,560.1831985626087,2596.8720000000003,3.6618107956129267,True,"[""std"", ""max_value"", ""rms"", ""peak_to_peak""]",-0.20992875122816324,99.97333536492458,WARNING
109,2019-07-19 05:34:00,90,281.3752555555556,314.6218489961334,31.758,2633.516,422.0887848601287,2601.7580000000003,4.573124060734226,True,"[""max_value"", ""peak_to_peak""]",-0.2094681687026465,99.97333536492458,WARNING
109,2019-07-19 13:44:00,86,325.3689302325581,475.9463544630769,29.315,2904.686,576.5326296814189,2875.371,3.548035122439408,True,"[""std"", ""max_value"", ""rms"", ""peak_to_peak""]",-0.20937005052003332,99.97333536492458,WARNING
109,2019-07-19 14:06:00,89,287.47396629213495,380.94466966478234,31.758,2760.551,477.24220542795837,2728.793,3.730125794591353,True,"[""std"", ""max_value"", ""peak_to_peak""]",-0.20917698651940708,99.97333536492458,WARNING
109,2019-07-26 08:05:00,90,293.6987222222222,347.8152679849217,29.316,2682.376,455.2300518181866,2653.0600000000004,-2.7264871146693874,True,"[""max_value"", ""peak_to_peak""]",-0.2095971369093299,99.97333536492458,WARNING
109,2019-07-18 20:38:00,90,280.37097777777774,381.13933588559263,29.315,2521.14,473.15439186313995,2491.825,4.8132575126036405,True,"[""std"", ""max_value"", ""peak_to_peak""]",-0.20841143574015764,99.96571689776017,WARNING
109,2019-07-20 10:09:00,90,283.70967777777776,309.9485510393559,41.53,2594.429,420.1895828744053,2552.899,-2.5628005385453894,True,"[""max_value"", ""peak_to_peak""]",-0.2084650842214507,99.96571689776017,WARNING
109,2019-07-29 11:20:00,91,249.77305494505495,359.64088649527434,34.201,2569.999,437.8677268487508,2535.798,5.9026181511365445,True,"[""max_value"", ""peak_to_peak"", ""slope""]",-0.2084720193175179,99.96571689776017,WARNING
109,2019-07-18 12:22:00,88,264.4231704545455,361.2458379620015,31.758,2462.509,447.68087799022896,2430.751,5.888363434765926,True,"[""max_value"", ""peak_to_peak"", ""slope""]",-0.2075415652382553,99.95428919701355,WARNING
109,2019-07-16 18:25:00,92,285.03033695652175,336.87034058396745,31.759,2741.007,441.27533281468,2709.248,-2.5263924560855764,True,"[""max_value"", ""peak_to_peak""]",-0.20675357697869456,99.95047996343136,WARNING
109,2019-07-19 14:14:00,90,286.96693333333326,415.64843229288005,29.315,2870.484,505.08775484490474,2841.169,3.4721791078024817,True,"[""std"", ""max_value"", ""peak_to_peak""]",-0.2069412882014221,99.95047996343136,WARNING
109,2019-07-30 12:13:00,91,292.7531648351649,349.4823178438048,29.316,2762.993,455.89725378256395,2733.677,-2.094250088418513,True,"[""max_value"", ""peak_to_peak""]",-0.2056224874276643,99.94667072984915,WARNING
109,2019-07-08 07:22:00,92,263.8933695652174,326.6860988601629,31.758,2799.638,419.9565664315258,2767.88,4.7766432779241725,True,"[""max_value"", ""peak_to_peak""]",-0.20484958712614243,99.94286149626696,WARNING
109,2019-07-09 17:02:00,90,261.31576666666666,393.4272352240006,26.872,3061.035,472.30384216581257,3034.163,-4.151534761341563,True,"[""std"", ""max_value"", ""peak_to_peak""]",-0.2045399700008308,99.94286149626696,WARNING
109,2019-07-11 15:38:00,90,257.5699888888888,314.8686362930665,26.873,2455.18,406.79793177605734,2428.307,6.4062152208172956,True,"[""max_value"", ""peak_to_peak"", ""slope""]",-0.20434433972384303,99.94286149626696,WARNING
109,2019-07-26 07:20:00,41,306.5027073170731,260.29040181091955,80.618,1453.564,402.11317171610455,1372.9460000000001,9.384891385495399,True,"[""min_value"", ""slope""]",-0.2052464575156865,99.94286149626696,WARNING
109,2019-07-02 16:15:00,90,246.33232222222225,338.69545411058294,31.758,2924.229,418.8009355368809,2892.471,5.246953508420174,True,"[""max_value"", ""peak_to_peak""]",-0.20326094408485718,99.93524302910255,WARNING
109,2019-07-18 15:52:00,91,294.68594505494514,356.7453302916033,31.758,2643.288,462.7170160019959,2611.53,-0.6086195219998126,True,"[""max_value"", ""peak_to_peak""]",-0.20358853191452186,99.93524302910255,WARNING
109,2019-07-19 14:01:00,90,292.23288888888885,595.8886208624793,31.758,5225.502,663.689166569512,5193.744000000001,0.9887792702045228,True,"[""std"", ""max_value"", ""rms"", ""peak_to_peak""]",-0.20350786265277243,99.93524302910255,WARNING
109,2019-07-20 08:27:00,91,255.86703296703286,328.9388015734892,29.315,2508.925,416.7357360965772,2479.61,6.229070606472174,True,"[""max_value"", ""peak_to_peak"", ""slope""]",-0.20332106430867902,99.93524302910255,WARNING
109,2019-07-26 04:48:00,32,344.38171875,272.4621159050413,80.617,1336.302,439.12910722549043,1255.685,6.356439110599272,True,"[""min_value"", ""slope""]",-0.20373227289122386,99.93524302910255,WARNING
109,2019-06-26 20:10:00,89,247.17862921348305,387.73187129850163,31.758,3510.541,459.818745551434,3478.7830000000004,4.642322668650692,True,"[""std"", ""max_value"", ""peak_to_peak""]",-0.20293971866679372,99.93143379552035,WARNING
109,2019-07-06 07:03:00,89,248.68832584269654,405.35247186290314,26.872,3144.096,475.5591549490021,3117.224,-4.451760947747384,True,"[""std"", ""max_value"", ""peak_to_peak""]",-0.20224467626407427,99.92762456193813,WARNING
109,2019-07-18 09:00:00,90,264.3559222222222,341.62113138274583,29.315,2777.652,431.959547899093,2748.337,4.54994025087201,True,"[""max_value"", ""peak_to_peak""]",-0.20288314739224855,99.92762456193813,WARNING
109,2019-07-02 08:40:00,87,230.7899655172413,440.23032122704296,26.872,3781.71,497.058089071202,3754.838,-4.508855216629817,True,"[""std"", ""max_value"", ""peak_to_peak""]",-0.20181015775509892,99.92381532835594,WARNING
109,2019-07-17 07:25:00,91,263.1153626373625,371.05736207529304,26.872,2655.503,454.87719222452324,2628.6310000000003,-3.63729593708925,True,"[""std"", ""max_value"", ""peak_to_peak""]",-0.20153820593548,99.92381532835594,WARNING
109,2019-06-29 12:14:00,34,278.71352941176474,377.0943012885609,34.201,2201.111,468.9150707126724,2166.91,11.563840627647956,True,"[""std"", ""slope""]",-0.2010068059750969,99.92000609477373,WARNING
109,2019-07-04 18:08:00,91,277.9074945054945,380.48535408937056,31.759,2689.705,471.17054256270654,2657.946,-0.5313640678870595,True,"[""std"", ""max_value"", ""peak_to_peak""]",-0.2011835062433056,99.92000609477373,WARNING
109,2019-07-29 07:21:00,90,291.8257777777777,316.03218689201674,39.087,2591.986,430.1611648293644,2552.899,-0.7629537536806995,True,"[""max_value"", ""peak_to_peak""]",-0.20098641561304886,99.92000609477373,WARNING
109,2019-06-26 16:31:00,90,277.6294555555554,371.3764771106466,29.315,2990.189,463.6794176402365,2960.874,-1.0126789320227123,True,"[""std"", ""max_value"", ""peak_to_peak""]",-0.19993952464810383,99.91238762760932,WARNING
84,2019-07-24 09:07:00,89,507.29559550561817,1298.3157506908342,44.019,12239.858,1393.9055239546553,12195.839,-14.269201632945203,True,"[""std"", ""min_value"", ""max_value"", ""rms"", ""peak_to_peak"", ""slope""]",-0.28508365581548833,99.99600654925922,WARNING
84,2019-07-29 10:19:00,91,503.5096703296707,1241.2452136017066,44.019,11929.276,1339.4818656497885,11885.257,-16.40171018459878,True,"[""std"", ""min_value"", ""max_value"", ""rms"", ""peak_to_peak"", ""slope""]",-0.28508365581548833,99.99600654925922,WARNING
84,2019-07-29 12:54:00,91,520.4671208791212,1327.9160765809856,44.019,12750.974,1426.2703566850287,12706.955,-15.209829331178312,True,"[""std"", ""min_value"", ""max_value"", ""rms"", ""peak_to_peak"", ""slope""]",-0.2856150124072291,99.99600654925922,WARNING
84,2019-07-30 10:38:00,33,666.665303030303,1850.8616768686416,36.682,11019.54,1967.264998205754,10982.858,66.65577668505108,True,"[""std"", ""max_value"", ""rms"", ""peak_to_peak"", ""slope""]",-0.28825561742322714,99.99600654925922,WARNING
84,2019-07-02 16:05:00,41,643.2926829268292,1849.0491662130416,26.9,11220.075,1957.755933455532,11193.175000000001,74.33531177550336,True,"[""std"", ""max_value"", ""rms"", ""peak_to_peak"", ""slope""]",-0.2846874516110647,99.99201309851843,WARNING
84,2019-07-02 20:26:00,48,546.6768541666667,1593.3891690347757,29.346,10977.966,1684.560662866997,10948.62,55.044314482671645,True,"[""std"", ""max_value"", ""rms"", ""peak_to_peak"", ""slope""]",-0.2830963405691648,99.99201309851843,WARNING
84,2019-07-04 09:20:00,30,692.0022333333335,1929.5804112440212,26.9,10933.946,2049.914060246177,10907.046,88.40210622310342,True,"[""mean"", ""std"", ""max_value"", ""rms"", ""peak_to_peak"", ""slope""]",-0.2846874516110647,99.99201309851843,WARNING
84,2019-07-06 11:11:00,36,561.2482500000001,1425.5516275920543,34.237,8823.459,1532.056474500342,8789.222000000002,53.510595781518,True,"[""std"", ""max_value"", ""rms"", ""peak_to_peak"", ""slope""]",-0.282763833443506,99.99201309851843,WARNING
84,2019-07-09 18:28:00,39,574.6985641025641,1815.5374439450861,26.9,11638.258,1904.3252479416967,11611.358,61.8486456876014,True,"[""std"", ""max_value"", ""rms"", ""peak_to_peak"", ""slope""]",-0.2841567223820086,99.99201309851843,WARNING
84,2019-07-15 10:20:00,41,537.3595365853658,1647.9672126899484,26.9,10804.334,1733.3641295643329,10777.434000000001,57.75296780000225,True,"[""std"", ""max_value"", ""rms"", ""peak_to_peak"", ""slope""]",-0.2836263521156377,99.99201309851843,WARNING
84,2019-07-19 08:52:00,41,523.283,1587.06585451266,29.346,10408.158,1671.108352157035,10378.812,53.5336837403042,True,"[""std"", ""max_value"", ""rms"", ""peak_to_peak"", ""slope""]",-0.2823902160966063,99.99201309851843,WARNING
84,2019-07-19 21:01:00,47,512.6238936170213,1742.7603357712565,29.346,12217.848,1816.5893438652054,12188.502,47.40238867051574,True,"[""std"", ""max_value"", ""rms"", ""peak_to_peak"", ""slope""]",-0.2830963405691648,99.99201309851843,WARNING
84,2019-07-22 15:25:00,44,558.6914090909091,1934.235632032038,26.9,13105.573,2013.3066261288577,13078.673,59.17839595651731,True,"[""std"", ""max_value"", ""rms"", ""peak_to_peak"", ""slope""]",-0.2836263521156377,99.99201309851843,WARNING
84,2019-07-23 09:18:00,91,488.3796483516485,1079.4280985906978,46.465,10207.626,1184.7698936718507,10161.161,-13.261284233591319,True,"[""std"", ""min_value"", ""max_value"", ""rms"", ""peak_to_peak"", ""slope""]",-0.2817267331383507,99.99201309851843,WARNING
84,2019-07-24 15:16:00,41,603.7466097560975,2096.4880493195637,29.346,13751.192,2181.6901956354236,13721.846,68.54622943125123,True,"[""std"", ""max_value"", ""rms"", ""peak_to_peak"", ""slope""]",-0.2836263521156377,99.99201309851843,WARNING
84,2019-07-25 07:43:00,44,524.287340909091,1738.6596309452125,29.346,11782.544,1815.9885814938566,11753.198,53.923699434855905,True,"[""std"", ""max_value"", ""rms"", ""peak_to_peak"", ""slope""]",-0.2830963405691648,99.99201309851843,WARNING
84,2019-07-26 14:49:00,83,512.4703373493975,1185.2707058323408,44.019,10894.818,1291.3142501991144,10850.798999999999,-16.170337186164897,True,"[""std"", ""min_value"", ""max_value"", ""rms"", ""peak_to_peak"", ""slope""]",-0.28384522096412557,99.99201309851843,WARNING
84,2019-07-29 08:01:00,39,607.8699999999999,1874.6378731204018,29.346,12029.544,1970.7290763160179,12000.198,61.013386163471594,True,"[""std"", ""max_value"", ""rms"", ""peak_to_peak"", ""slope""]",-0.2830963405691648,99.99201309851843,WARNING
84,2019-07-29 20:58:00,41,597.7820975609757,2043.8207479782043,26.901,13399.039,2129.447507225897,13372.138,66.79126285586077,True,"[""std"", ""max_value"", ""rms"", ""peak_to_peak"", ""slope""]",-0.2845105019683096,99.99201309851843,WARNING
84,2019-07-30 19:41:00,92,499.0468369565218,1158.1692766073725,44.019,11112.47,1261.1121356776944,11068.451,-14.787884115686195,True,"[""std"", ""min_value"", ""max_value"", ""rms"", ""peak_to_peak"", ""slope""]",-0.28384522096412557,99.99201309851843,WARNING
84,2019-07-05 10:45:00,48,472.90349999999995,1527.0629271392054,26.9,10811.67,1598.6115549923966,10784.77,42.874767631401006,True,"[""std"", ""max_value"", ""rms"", ""peak_to_peak"", ""slope""]",-0.2807515968534162,99.98801964777765,WARNING
84,2019-07-10 10:22:00,60,498.1128,1705.470824752457,26.9,13435.72,1776.7236970349854,13408.82,32.11716483202049,True,"[""std"", ""max_value"", ""rms"", ""peak_to_peak"", ""slope""]",-0.2808037631600264,99.98801964777765,WARNING
84,2019-07-24 20:21:00,47,484.3180638297873,1440.3873295553792,29.346,10056.004,1519.631417842995,10026.658000000001,43.55825894012475,True,"[""std"", ""max_value"", ""rms"", ""peak_to_peak"", ""slope""]",-0.28062768930199633,99.98801964777765,WARNING
84,2019-07-27 11:40:00,42,500.7505238095238,1483.9769320179769,26.9,9845.688,1566.186011256964,9818.788,50.33742110281071,True,"[""std"", ""max_value"", ""rms"", ""peak_to_peak"", ""slope""]",-0.2815084558237252,99.98801964777765,WARNING
84,2019-07-29 07:02:00,92,499.8974456521739,1173.779202509535,41.573,11354.577,1275.7958584403261,11313.003999999999,-12.829688193607005,True,"[""std"", ""max_value"", ""rms"", ""peak_to_peak"", ""slope""]",-0.28014162554641586,99.98801964777765,WARNING
84,2019-07-29 12:47:00,45,637.6846444444444,1687.4351820714332,29.346,10633.148,1803.9066493177213,10603.802,31.448142300410122,True,"[""std"", ""max_value"", ""rms"", ""peak_to_peak"", ""slope""]",-0.2808037631600264,99.98801964777765,WARNING
84,2019-06-27 22:18:00,43,479.152465116279,1464.7968866834422,29.346,9816.342,1541.1739045495522,9786.996000000001,48.520377525547005,True,"[""std"", ""max_value"", ""rms"", ""peak_to_peak"", ""slope""]",-0.2775885463518952,99.98003274629608,WARNING
84,2019-07-02 17:37:00,59,466.14208474576276,1456.0976472396312,29.346,10792.106,1528.8913635271524,10762.76,32.968642228908685,True,"[""std"", ""max_value"", ""rms"", ""peak_to_peak"", ""slope""]",-0.2781106773220696,99.98003274629608,WARNING
84,2019-07-03 14:04:00,56,519.3249107142856,1340.4275564688878,34.238,10195.399,1437.5132684707833,10161.161,-15.171909175096037,True,"[""std"", ""max_value"", ""rms"", ""peak_to_peak"", ""slope""]",-0.2768016885614406,99.98003274629608,WARNING
84,2019-07-17 11:02:00,89,501.5252022471912,1316.18811126722,34.237,11063.561,1408.5022799875967,11029.324,-13.673244240765719,True,"[""std"", ""max_value"", ""rms"", ""peak_to_peak"", ""slope""]",-0.2768016885614406,99.98003274629608,WARNING
84,2019-07-22 21:01:00,51,475.1993137254902,1441.3246086083518,31.791,10488.862,1517.6399491134898,10457.071,36.51018376303662,True,"[""std"", ""max_value"", ""rms"", ""peak_to_peak"", ""slope""]",-0.2788170959814231,99.98003274629608,WARNING
84,2019-07-24 13:38:00,88,507.27994318181806,1510.282049114957,34.238,13966.399,1593.199550788733,13932.161,-16.704697422633217,True,"[""std"", ""max_value"", ""rms"", ""peak_to_peak"", ""slope""]",-0.2773274397914337,99.98003274629608,WARNING
84,2019-07-26 11:35:00,42,487.0672380952381,1429.637685047589,26.9,9461.741,1510.330561477835,9434.841,55.13297701992532,True,"[""std"", ""max_value"", ""rms"", ""peak_to_peak"", ""slope""]",-0.2785178974553165,99.98003274629608,WARNING
84,2019-07-26 19:32:00,52,514.6890961538463,1763.56317059935,26.9,12946.614,1837.1336158249612,12919.714,28.17100580502721,True,"[""std"", ""max_value"", ""rms"", ""peak_to_peak"", ""slope""]",-0.27909635433854485,99.98003274629608,WARNING
84,2019-07-30 13:55:00,90,465.0846888888888,1234.7298158944973,46.464,11518.429,1319.4171008811932,11471.965,-10.949827489674037,True,"[""std"", ""min_value"", ""max_value"", ""rms"", ""peak_to_peak""]",-0.2772077167042426,99.98003274629608,WARNING
84,2019-07-03 10:38:00,58,462.20444827586215,1511.3231503430018,29.346,11662.714,1580.421025160286,11633.368,33.186720669879826,True,"[""std"", ""max_value"", ""rms"", ""peak_to_peak"", ""slope""]",-0.27637593207546485,99.97603929555528,WARNING
84,2019-07-29 10:34:00,37,697.5697027027029,1873.5169734565748,31.791,11271.431,1999.1671615846985,11239.640000000001,-51.03269418681893,True,"[""mean"", ""std"", ""max_value"", ""rms"", ""peak_to_peak"", ""slope""]",-0.2762762929272258,99.9720458448145,WARNING
84,2019-07-16 15:56:00,84,592.0210238095236,1403.1289406231144,26.901,11012.204,1522.9115918682276,10985.303,-21.290808592233446,True,"[""std"", ""max_value"", ""rms"", ""peak_to_peak"", ""slope""]",-0.2753111311010268,99.96805239407371,WARNING
84,2019-07-25 18:38:00,69,524.3350579710146,1499.485214985346,26.9,12364.581,1588.5160254077125,12337.681,25.083224754391164,True,"[""std"", ""max_value"", ""rms"", ""peak_to_peak"", ""slope""]",-0.2750655188664314,99.96805239407371,WARNING
84,2019-07-13 12:51:00,60,527.33695,1512.3840222247613,26.9,11860.803,1601.683392408141,11833.903,24.01588585404146,True,"[""std"", ""max_value"", ""rms"", ""peak_to_peak"", ""slope""]",-0.2748907390016666,99.96405894333293,WARNING
84,2019-07-01 17:27:00,45,459.3242222222222,1373.6976341084167,29.347,9368.812,1448.4557055965195,9339.465,49.871988962230006,True,"[""std"", ""max_value"", ""rms"", ""peak_to_peak"", ""slope""]",-0.27410302920175045,99.96006549259215,WARNING
84,2019-07-03 11:11:00,77,509.399961038961,991.7607244763636,44.019,8605.807,1114.9339240153995,8561.788,-13.787647717997281,True,"[""std"", ""min_value"", ""max_value"", ""rms"", ""peak_to_peak"", ""slope""]",-0.2733098833815685,99.96006549259215,WARNING
84,2019-07-08 17:50:00,65,505.6594923076923,1400.303874635976,29.346,11264.093,1488.805717171116,11234.747000000001,23.3968437525056,True,"[""std"", ""max_value"", ""rms"", ""peak_to_peak"", ""slope""]",-0.27329420164169205,99.96006549259215,WARNING
84,2019-07-10 20:00:00,84,512.6579285714284,1516.6945946099504,31.791,13560.442,1600.9936430374078,13528.651,-16.12871351561082,True,"[""std"", ""max_value"", ""rms"", ""peak_to_peak"", ""slope""]",-0.27452753925143103,99.96006549259215,WARNING
84,2019-07-16 09:51:00,87,485.98494252873564,1315.7363907937536,26.9,10674.721,1402.6202673652026,10647.821,-22.45998877248408,True,"[""std"", ""max_value"", ""rms"", ""peak_to_peak"", ""slope""]",-0.27269273801434546,99.96006549259215,WARNING
84,2019-07-24 12:25:00,88,495.3580227272725,1655.0158279694374,31.791,15656.258,1727.5580920795787,15624.467,-15.841315133143516,True,"[""std"", ""max_value"", ""rms"", ""peak_to_peak"", ""slope""]",-0.27313137317610636,99.96006549259215,WARNING
84,2019-07-24 17:34:00,87,473.5045287356321,1521.64701402178,34.237,14250.081,1593.6173235800845,14215.844000000001,-14.8327301050645,True,"[""std"", ""max_value"", ""rms"", ""peak_to_peak"", ""slope""]",-0.2734801785737413,99.96006549259215,WARNING
84,2019-07-24 19:20:00,65,497.38230769230773,1593.3581514573448,26.9,13064.0,1669.185238019104,13037.1,23.57320203497405,True,"[""std"", ""max_value"", ""rms"", ""peak_to_peak"", ""slope""]",-0.2731451066275816,99.96006549259215,WARNING
84,2019-07-24 20:49:00,56,526.4866964285715,1498.8439624632965,26.9,11403.488,1588.6225056094813,11376.588,22.200021949754696,True,"[""std"", ""max_value"", ""rms"", ""peak_to_peak"", ""slope""]",-0.2722996031858743,99.96006549259215,WARNING
84,2019-07-25 12:47:00,88,493.495909090909,1488.0223574036313,26.9,12929.496,1567.7208770768236,12902.596,-24.18261308849695,True,"[""std"", ""max_value"", ""rms"", ""peak_to_peak"", ""slope""]",-0.2744373490157418,99.96006549259215,WARNING
92,2019-06-26 23:01:00,50,469.88986000000017,883.5493269343144,31.828,5410.884,1000.7276820678541,5379.056,-19.32233969478038,True,"[""slope""]",-0.18558480097941465,99.97714721005522,WARNING
92,2019-07-11 00:52:00,33,738.8122727272729,764.6311671484523,71.002,2370.016,1063.2518027763895,2299.014,48.03049327148339,True,"[""min_value"", ""slope""]",-0.18304140737933872,99.97714721005522,WARNING
92,2019-07-12 10:18:00,89,486.97678651685396,830.9555498540365,26.932,6715.862,963.137329999988,6688.93,6.167653195192117,True,"[""max_value"", ""peak_to_peak""]",-0.1733867895787271,99.96952961340698,WARNING
92,2019-07-06 07:27:00,30,103.48399999999997,136.22972802267986,26.931,477.431,171.07740076682643,450.5,-13.61352894094619,False,[],-0.16100907948476317,99.95810321843457,WARNING
92,2019-07-02 17:34:00,30,773.5197333333334,707.5719344953292,90.59,3158.389,1048.3276302480697,3067.799,14.600604871414742,True,"[""min_value""]",-0.15755886029593702,99.95429442011046,WARNING
92,2019-07-26 04:48:00,32,702.1448124999998,723.5300798544694,68.555,3283.256,1008.2177910426273,3214.701,13.093256540945813,True,"[""min_value""]",-0.15666279386358928,99.95429442011046,WARNING
92,2019-07-16 20:34:00,32,110.55896874999996,100.84313141133002,34.277,494.57,149.64164769176477,460.293,-4.143217863541033,False,[],-0.15387694101823413,99.95048562178633,WARNING
92,2019-06-27 13:51:00,31,112.07151612903226,85.6301415958984,36.725,470.086,141.04093688427324,433.361,-1.8758590967599442,False,[],-0.15192794039637414,99.9466768234622,WARNING
92,2019-06-25 20:22:00,37,653.316108108108,683.5114415701756,71.003,3143.699,945.5209293669097,3072.696,21.466532944970222,True,"[""min_value"", ""slope""]",-0.14521818334440395,99.92382403351743,WARNING
92,2019-06-27 11:06:00,31,225.48641935483872,220.31275361305364,36.725,785.925,315.24884570452,749.1999999999999,12.781455843508377,False,[],-0.14563980686974165,99.92382403351743,WARNING
92,2019-06-29 08:12:00,36,112.48858333333332,96.05121215134695,26.932,509.26,147.91726314424338,482.328,-5.974541884483105,False,[],-0.1430207426540836,99.91620643686917,WARNING
92,2019-07-18 07:48:00,32,287.75915625,232.27472023461644,44.07,915.688,369.8065408639783,871.6179999999999,13.797673555971695,False,[],-0.1423743639027858,99.90858884022092,WARNING
92,2019-07-25 17:07:00,92,543.8295217391301,679.4725269735288,36.725,5582.27,870.3065342893871,5545.545,-13.3157930900116,False,[],-0.13948072394624977,99.90097124357266,WARNING
92,2019-06-28 02:42:00,40,112.93055,159.8364692520061,26.931,763.89,195.70642816793213,736.959,-8.635018732680457,False,[],-0.13832579149823865,99.88954484860027,WARNING
92,2019-06-27 22:42:00,43,127.08683720930233,148.03328316136083,26.932,736.957,195.1023247308841,710.025,-7.242586895846427,False,[],-0.1350113887537887,99.881927251952,WARNING
92,2019-07-15 16:35:00,37,172.70881081081077,184.09001164483809,31.829,1011.174,252.42318776031863,979.345,-10.141689234921934,False,[],-0.13293417886087333,99.87050085697963,WARNING
92,2019-06-27 19:38:00,90,509.5860555555557,730.4624715753309,29.38,6179.669,890.6477251958883,6150.289,-6.325039128014239,True,"[""max_value"", ""peak_to_peak""]",-0.1325121877242309,99.86669205865549,WARNING
92,2019-07-10 07:42:00,31,197.3696774193549,185.50496710598534,24.484,639.023,270.86321711449284,614.539,-11.644931805373048,False,[],-0.13217154755691518,99.86288326033137,WARNING
92,2019-06-26 21:41:00,31,63.420322580645184,79.70163492652115,26.931,401.531,101.8552302348463,374.6,-4.067861013592612,False,[],-0.1305172537911159,99.85526566368311,WARNING
92,2019-06-27 06:26:00,92,597.3209130434781,777.5406890862852,46.518,4473.161,980.4905896253514,4426.643,-2.7506593866692928,False,[],-0.13082329470828047,99.85526566368311,WARNING
92,2019-06-29 18:24:00,90,475.09131111111105,768.692092554499,29.38,5408.435,903.658833326543,5379.055,10.228083359675752,False,[],-0.13025759378907753,99.85526566368311,WARNING
92,2019-07-08 14:51:00,91,548.863967032967,677.0379888112249,29.38,5543.095,871.5687538001314,5513.715,-14.6197885721322,False,[],-0.13001176375312673,99.85526566368311,WARNING
92,2019-07-16 05:41:00,46,141.4195434782609,196.02489033945648,26.933,798.167,241.71314591928106,771.234,11.345731835763374,False,[],-0.12800536812144903,99.83622167206246,WARNING
92,2019-07-15 09:27:00,92,594.9257282608694,740.1963365677718,31.829,5743.861,949.6458491538182,5712.032,1.1371243561094075,True,"[""max_value"", ""peak_to_peak""]",-0.1275384592204002,99.83241287373833,WARNING
92,2019-06-26 21:22:00,78,119.3104487179486,118.00424650101796,24.483,558.227,167.80937210284563,533.744,-4.330962455177162,False,[],-0.12711473434268383,99.8286040754142,WARNING
92,2019-07-23 20:51:00,89,521.749011235955,762.8693070464849,29.38,5540.647,924.224870017725,5511.267,-3.4581625915042564,False,[],-0.1268265235154722,99.8286040754142,WARNING
92,2019-06-27 08:20:00,40,145.24895000000004,229.86258895957272,26.931,1018.52,271.908196418019,991.5889999999999,16.41853928413118,False,[],-0.1256743497406767,99.80956008379356,WARNING
92,2019-07-04 16:42:00,53,67.1218679245283,86.3422296509406,26.932,646.368,109.36327434186296,619.436,-2.843092456485612,False,[],-0.12562636343336964,99.80956008379356,WARNING
92,2019-07-10 11:33:00,90,519.7059555555555,736.8550468200032,31.828,5638.582,901.6926528834658,5606.754,9.217862892138264,False,[],-0.12521529591889013,99.80956008379356,WARNING
92,2019-07-23 04:13:00,88,112.09594318181816,134.20114475161714,29.38,910.791,174.8583647712225,881.4110000000001,-1.5667518536212888,False,[],-0.12455798884235492,99.79813368882118,WARNING
92,2019-06-25 22:07:00,60,88.42646666666664,149.5448186598772,24.484,761.441,173.73224454650506,736.957,-5.493246330297744,False,[],-0.1237769242790383,99.79432489049704,WARNING
92,2019-06-28 11:50:00,40,106.62614999999998,169.01347289484792,26.931,776.132,199.8366580079841,749.2009999999999,7.0951895345415235,False,[],-0.1237980053524842,99.79432489049704,WARNING
92,2019-07-25 09:52:00,43,125.54958139534881,172.01097407084674,24.484,749.199,212.95650398461382,724.7149999999999,10.371588823435403,False,[],-0.1239566682263813,99.79432489049704,WARNING
92,2019-06-26 17:10:00,91,91.10038461538464,75.48074548289956,26.932,526.398,118.30732443819898,499.466,-1.22340182908499,False,[],-0.123357333084115,99.79051609217292,WARNING
92,2019-06-26 20:26:00,90,85.77416666666667,84.96800161253513,26.932,499.466,120.73429076028437,472.534,-1.2072077448749288,False,[],-0.12276326693385697,99.79051609217292,WARNING
92,2019-07-04 05:30:00,78,78.75548717948718,133.65606911193728,26.931,810.408,155.13339927731008,783.477,-2.603581596338742,False,[],-0.12328606376008144,99.79051609217292,WARNING
92,2019-07-04 16:28:00,84,107.64038095238097,134.57548350124168,26.931,714.922,172.32821118774103,687.991,4.058776861498319,False,[],-0.12328310083367167,99.79051609217292,WARNING
92,2019-07-23 04:11:00,90,126.90672222222224,73.33591922274556,29.38,406.429,146.5724162093036,377.049,-0.4210372412646411,False,[],-0.12335842853732981,99.79051609217292,WARNING
92,2019-07-30 19:20:00,82,98.62110975609754,87.03206934508657,26.931,545.985,131.53214201864196,519.054,1.1679074305353556,False,[],-0.12345564749035676,99.79051609217292,WARNING
92,2019-07-23 20:46:00,39,188.20992307692305,214.56052689128506,26.931,898.549,285.4105724118978,871.6179999999999,12.520343713629133,False,[],-0.1220066660828526,99.77147210055227,WARNING
92,2019-06-28 18:47:00,66,72.26357575757577,80.77614376314494,26.931,374.599,108.38270056847242,347.668,2.316285159832238,False,[],-0.12182295183660341,99.76766330222814,WARNING
92,2019-07-08 06:04:00,86,82.44701162790693,98.54297279424736,26.931,634.126,128.4843461807702,607.1949999999999,-1.31951032859823,False,[],-0.12194263246588244,99.76766330222814,WARNING
92,2019-07-10 08:31:00,44,76.12154545454545,100.94173322323907,24.484,467.638,126.4267502884576,443.154,-4.578129508148195,False,[],-0.12139736848697225,99.76385450390401,WARNING
92,2019-07-30 13:25:00,74,96.04841891891894,159.47500598153619,24.483,822.65,186.1654541251818,798.167,-4.6855205691131845,False,[],-0.12123678226217971,99.7600457055799,WARNING
92,2019-07-23 04:14:00,85,158.27939999999998,170.1613074862099,31.829,815.305,232.39457616256124,783.476,-0.6896769245356441,False,[],-0.12080059925424858,99.75242810893164,WARNING
92,2019-06-28 15:48:00,39,85.7552564102564,111.32146756468299,26.932,624.333,140.5220023439162,597.401,1.6978756846130203,False,[],-0.12058641213799515,99.7486193106075,WARNING
92,2019-07-23 04:12:00,85,82.95615294117648,71.33158276165258,26.931,350.116,109.40712047249188,323.185,-0.9253234143979799,False,[],-0.12042367645548424,99.7486193106075,WARNING
92,2019-07-26 20:02:00,48,68.65608333333331,78.52114655217444,26.932,533.743,104.3035389358466,506.81100000000004,2.131750113414438,False,[],-0.12044293986070287,99.7486193106075,WARNING
92,2019-06-28 08:32:00,74,120.86282432432428,170.15150998991322,24.483,783.477,208.708789118954,758.994,-5.136894061191816,False,[],-0.12027370581824615,99.74481051228338,WARNING
92,2019-07-23 04:07:00,86,95.00211627906974,74.03876312892389,26.931,399.084,120.44559163025764,372.153,-0.6057992241065392,False,[],-0.11996587724026275,99.74481051228338,WARNING
